запрос,ответ
Что такое язык программирования Python?,"Python - это популярный и широко используемый язык программирования. Основные особенности этого языка:

1. Облачность: Python не ограничивается конкретной системой операционной системы и имеет множество поддерживаемых сред (Linux, Windows, macOS, iOS).

2. Позволяет написать код на нескольких языках: это позволяет использовать именованное языковое пространство nombres (""namespace"") для организации именованных функций и структуры программирования.

3. Стандартные библиотеки: Python использует стандартные библиотеки для работы с математикой, вычислительной среды (например, NumPy), веб-разработке (Pylons) и многие другие.

4. Простота и эффективность: простой язык, который легко понимается даже те студенты, которые еще не изучили программирование.

5. Визуализируемый код: Python предоставляет определенные функции для отображения кода в виде графиков (например, Jupyter Notebook).

6. Использование языка в различных областях: Python используется для разработки игр, шаблонов, оберток, ресайзов и многое другое.

7. Программисты любят Python за его эффективность и простоту программирования.

Python стал одной из самых популярных языков программирования в мире благодаря своим сложностям и уютному общению с другими разработчиками и пользователями. Он имеет множество библиотек, учебников и руководств по созданию программ и игр."
"Объясни простыми словами, что такое REST API.","REST (Representational State Transfer) - это стандартный протокол сетевого сервисного разговора, который используется для создания, обмена и взаимодействия с серверными системами. Один из ключевых принципов REST-API - то, что серверы обычно предоставляют только определенные ресурсы или ""сервисные инструменты"", а клиенты (обычно пользователи) должны не писать все команды для получения и изменений данных, а только вызывать соответствующие методы.

### Как работает REST API?

1. **Внутренняя связь**: В REST API внутренняя связь между сервером и клиентом обычно представляет собой HTTP-запросы (обратные запросы), которые представляют собой строку HTTP-запросов. Например, GET /users - это запрос, который представляет собой строку HTML-кода с указанием пути для получения списка пользователей.

2. **Отправка данных**: С клиентом (например, веб-браузер) передает данные к серверу (обычно как GET-запросы или POST-запросы), которые затем могут быть переданы в методы REST API для обработки. Например, в GET /users запрос представляет собой строку HTML с списком пользователей, а POST - настроить пользователя.

3. **Сервисное разрешение**: REST API обычно не требует использования специфичных интерфейсов для работы с данными, поэтому клиенты обычно могут использовать любые стандартные методы для обработки данных (GET, POST, PUT, DELETE). Однако, это также требует дополнительной квалификации в области разработки и тестирования.

### Особенности REST API

- **Различие от представлений**: В REST API используются представления для передачи информации на серверы. Представления позволяют клиентам обрабатывать данные, а не разбирать их.
  
  - **Отправка данных в GET**: Представление используется для передачи данных на сервер (например, с помощью JavaScript).
  
  - **Обработка данных в POST**: Представление используется для передачи данных обратно клиенту (например, с помощью JavaScript для обработки формы или файлов).

- **Сервисное разрешение**: REST API обычно не требует использования специфичных интерфейсов для работы с данными. Клиенты могут использовать любые стандартные методы для обработки данных.

- **Ожидание ошибок**: REST API предоставляет механизм поддержания ошибок, чтобы клиент мог быть уверенным в том, что данные были правильно переданы и обработаны сервером.
  
  - **Когда клиент делает GET запрос и получает ответ**: Если клиент делает GET запрос на сервер, он получает ответ. Это значит, что он видит, какой ответ сервер должен отозвать.

### Реализация REST API

- **Сервер**: Обрабатывает все запросы клиентов.
  
  - **GET**: Сервер отправляет запрос и возвращает данные.
  
  - **POST**: Сервер создает новый элемент в базе данных или отправляет новую информацию, а клиент добавляет новые значения.

- **Клиент**: Веб-браузер (или другое средство взаимодействия) выполняет GET или POST запросы и получает данные.
  
  - **GET**: Клиент делает GET-запрос на сервер, чтобы получить данные.
  
  - **POST**: Клиент создает новый элемент в базе данных и отправляет POST-запрос.

### Заключение

REST API - это стандартный протокол сетевого сервисного разговора, который позволяет разработчики создания и общения с клиентами HTTP. REST API используется для передачи информации, которая может быть доступна любому другому устройству или приложению, а не для отдельных пользователей."
Напиши программу Hello World на Go.,"Давайте разберем создание программы ""Hello World"" на Go:

```go
package main

import (
    ""fmt""
)

func main() {
    fmt.Println(""Hello, World!"")
}
```

### Упрощённая версия для beginners:
```go
package main

import (
    ""fmt""
)

func main() {
    fmt.Print(""Hello, World!"")
}
```

### Пояснение:
1. **Основная программа (`main.go`)**: 
   - `package main`: Выводит имя файла и указывает, что это исходный код.
   - `import ""fmt""`: Считает внешний файл Go `fmt`.

2. **Функция `Print`**:
   - Добавляет вывод в консоль.
   - `fmt.Print(""Hello, World!"")`: Выводит строку ""Hello, World!"" на экран.

### Основные моменты для beginners:

- **Облачная программа**: Все переменные и функции доступны только в программе. Пользователь может запустить её без привязки к конкретному окружению.
  
- **Использование строк с пробелами**:
  - В вашей версии кода используется `fmt.Print(""Hello, World!"")`, что делает её более универсальным, в отличие от некоторых других вариантов.

- **Функции и методы**: Go не требует явного использования функций или методов внутри файла. Эти могут быть доступны только из другой программы.
  
- **Использование условий в программе**:
  - `if` и `for` обычно используются для решения задач по динамичному управлению процессом.

### Обратные резюме:

1. Сначала нужно создать файл Go (`main.go`).
2. Далее нужно написать код внутри файла.
3. После этого можно запустить программу с помощью команды `go run main.go`.

Эта версия программы будет работать корректно, но не более того - она просто выводит ""Hello, World!"" на экран. Если вы хотите, чтобы программа выдавала сообщения в консоль (например, выводила аргументов при вызове `main`), можно использовать следующую кодировку:

```go
package main

import (
    ""fmt""
)

func main() {
    fmt.Println(""Hello, World!"")
}
```

### Пояснение:
- Код выводит ""Hello, World!"".
- Если вы хотите видеть сообщения в консоли, можно использовать `fmt.Print` или добавить `fmt.Println` перед именем файла.

Это пример простого примера на Go. Гolang - это отличная язык для выполнения простых операций и програмирования, особенно если вам нужно сделать то же самое, что и с C/C++."
Что такое Docker?,"Docker - это облачно-общедоступный и деоцифровый интерфейс для создания, управления и проектирования приложений в среде Windows, Linux и macOS. 

Данная технология позволяет создать совокупность из предложенных образов - таких как Ubuntu, CentOS, Fedora и другие, и использовать их вместе, чтобы собрать единую машину, которую можно затем использовать для развертывания и тестирования вашей приложений.

Этот подход позволяет пользователям легко перемещать обновления, улучшать загрузку и управлять различными приложениями через Docker Hub, что делает его отличной средой для разработки и тестирования приложений."
"Объясни, что такое Kubernetes.","Kubernetes (когда-то KubeConverged Services) — это распределённый инфраструктура для управления производительностью и эффективностью системы разработки приложений, использующей технологию динамического кодирования. Классический ""Колдун"" разрабатывал систему управления производными данными для робототехники из-за разницы между её названием ""Colan"". В отличие от ""Colan"", ""Kubernetes"" — это более прозрачная и удобная форма названия.

### Понятие контейнеров
Классический контейнер — это простая и быстрая форма разработки. В него можно включать только инструкции по работе, не затрагивая содержимое файла или приложения. Несмотря на то, что они обычно используются для запуска приложений, контейнеры могут быть использованы для тестирования, архитектуры, конфигурации и других целей.

### Понятие состояния контейнера
Когда вы создаете новый контейнер, вы обычно определяете его состояние как ""исходное"" или ""настоящее"". Кто-либо из ваших тестов может иметь дело с состоянием контейнера. Приложение можно изменить и заменить контейнер, но чтобы сохранить его оригинальную статус, вы должны указать состояние контейнера как ""исходное"" или ""настоящее"".

### Понятие хранения и распределяемого ресурса
В Kubernetes, хранение - это использование синхронизации состояния в реальном времени (например, в виде метаданных) для обеспечения эффективного управления контейнерами. Вместо этого вместо реального времени, вы используете метаданные. Такой подход позволяет вам иметь доступ к нескольким состояниям приложения в реальном времени.

### Понятие ""помощник"" и ""обратный"" контейнера
В Kubernetes часто используются ""помощники"" и ""обратные"" контейнеры, которые могут быть использованы для тестирования или для организации работы с контроллерами. Эти контейнеры обычно не испускают никаких вакансий или сообщений, что позволяет вам использовать их без дополнительных действий.

### Применение Kubernetes
1. **Разработка и реализация**: Вы можете создавать, тестировать и улучшать разработку приложений.
2. **Создание контейнеров**: Вы можете устанавливать контейнеры на производной машине.
3. **Сборка и запуск**: Вы можете собирать и запустить все необходимые приложения.
4. **Сборка**: Классический разработчик может использовать Kubernetes для сборки и установки приложений.

### Базовая структура
- **Основные компоненты**: кастомизированная система управления системными данными (Kubernetes), контейнеры, метаданные и службы.
- **Контейнеры**: это единица простого разработки, содержащая лишь инструкции по работе и не включают содержимое файла приложения.

### Примеры
1. **Поставление контейнера на рабочий процесс**:
    ```yaml
    apiVersion: apps/v1
    kind: Deployment
    metadata:
      name: myapp-deployment
    spec:
      replicas: 3
      selector:
        matchLabels:
          app: myapp
      template:
        metadata:
          labels:
            app: myapp
        spec:
          containers:
          - name: myapp-container
            image: nginx
            ports:
            - containerPort: 80
    ```
2. **Создание состояния контейнера**:
    ```yaml
    apiVersion: apps/v1
    kind: StatefulSet
    metadata:
      name: mystatefulset
    spec:
      serviceName: myapp-service
      replicas: 3
      selector:
        matchLabels:
          app: myapp
      template:
        metadata:
          labels:
            app: myapp
        spec:
          containers:
          - name: myapp-container
            image: nginx
            ports:
            - containerPort: 80
    ```
3. **Сборка приложения с использованием Kubernetes**:
    ```sh
    kubectl build myapp-app .
    ```

### Применение в реальном-world-е
В реальном мире Kubernetes используется для управления масштабируемыми системами разработки и тестирования приложений, использующих технологии динамического кодирования. Он позволяет вам создавать и использовать процессы разработки, которые обеспечивают эффективность и управление данными приложениями."
Кто такой Альберт Эйнштейн?,"Альберт Эйнштейн - это французский иероглифический академик, космолог и ученый. Вот некоторые ключевые факты о нем:

1. Натурализирован: Альберт Эйнштейн родился в Венеции 30 апреля 1953 года.

2. Практикующий: Он был изучающим и преподавал ученый до тех пор, когда вышел на свет.

3. Космолог: С 1986 года - главный космолог Массата Тербергера.

4. Учёный: Освоил физику, географию и геология.

5. Социальный: Его родители были советниками Георгия Рональда Эйнара (1889-1975) и его ученик Сигидемми Рузвельт.

6. Вдохновлявший: ""Эйнштейн"" - это имя, которое он придумал для себя.

7. Основной научный тенденция в области физики: Ученый занимается теория космоса и оракулы.

8. Мировая известность: Был одним из самых известных ученых в мире, выступал на международном уровне.

9. Образование: Доктор наук (внешний), кандидат наук (изучение физики и философии).

10. Ключевый научный труд ""Искусство измерять"" (1965) - это исследование о методах измерения силы.

Эйнштейн был важным участником становления физической теории, упражнявшийся с учёными и специалистами в области географии, космонавтики и экология. Наполнил её сильными идеями о движении и телескопии."
Что такое машинное обучение?,"Машинное обучение - это методical процесс, который использует искусственный интеллект для обучения машинных системам и алгоритмов. Это позволяет устройствам автоматически изучать данные, выявлять связанные между ними и улучшать свою работу на основе полученных знаний.

Суть машинного обучения включает следующие этапы:

1. **Исследование данных**: Машинное обучение начинается с сборки и анализ данных. Это может включать в себя обработка текстовой информации, анализы наблюдений или данные на основе искусственного интеллекта.

2. **Алгоритм разработки**: Следующий этап - это разработка алгоритма машинного обучения для решения задачи. Алгоритмы обычно структурированы и вычисляются с использованием определенных методов.

3. **Обучение модели**: Машинное обучение может быть обучено на различных наблюдениях или данных, и алгоритм начинает использовать эти данные для улучшения своих решений или предсказаний.

4. **Проверка и обновление**: После обучения, модель будет проверена, чтобы она смогла адаптироваться к новым данным или остановиться на достигнутом уровне. Затем алгоритм будет обновлен или переобучен для улучшения его функциональности.

Машинное обучение может быть применено в различных областях, включая:

- **Анalytics**: Обработка и анализ данных, чтобы понять и предсказать поведение пользователей.
- **Исследование и оценка технологий**: Изучение и сравнение различных технологических возможностей.
- **Использование искусственного интеллекта в области медицины и санитетики**.

Машинное обучение и искусственный интеллект - два разных фундаментальных направления в искусственном интеллекте, которые ведут к общим результатам."
Напиши пример SQL JOIN.,"Вот пример использования таблицы A и таблицы B в SQL WHERE clause:

```sql
SELECT A.some_field, B.some_other_field
FROM A
JOIN B ON A.some_column = B.some_column;
```

Этот запрос выполняет следующее:
1. Использует JOIN (включается внешний JOIN) таблицы A и B.
2. Указывается на столбцы `some_field` и `some_other_field` из таблиц A и B соответственно.

Если у вас есть другие требования или задачи, пожалуйста, я буду рад помочь!"
Что такое рекурсия в программировании?,"Рекурсия — это методика программирования, которая подразумевает обработку того же самого исходного выражения или ситуации снова и снова. Это может быть достигнуто через вызов функции с пустым операндом или построением рекурсивных рекуррируемых строк.

В простейшем понимании, рекурсия — это когда функция вызывает сам себя, наклоняясь назад на уровень определенного уровня или перед тем как она может быть выполнена. Это особенно прямолинейно распространяется на задачи с использованием массивов или битовых инверсий.

Примеры простых рекурсивных функций в Python:

```python
def fib(n):
    if n <= 1:
        return n
    else:
        return fib(n - 1) + fib(n - 2)

def factorial(n):
    if n == 0 or n == 1:
        return 1
    else:
        return n * factorial(n - 1)
```

В этом примере функции принимают один аргумент, и вызываются саму себя повторно до тех пор, пока аргумент не будет равен 1. Такой подход позволяет реализовать стандартные рекурсивные алгоритмы.

Рекурсия может быть полезной в том случае, когда задача является более сложной или если необходимо повторить процесс выполнения для получения неизменных результатов по мере усложнения задачи. Она также часто используется при решении некоторых математических и алгебраических задач."
Объясни разницу между TCP и UDP.,"TCP (Transmission Control Protocol) и UDP (User Datagram Protocol) — два различных подходов к созданию протоколов обмена данными. Они используются разными принципами и имеют свои уникальные особенности.

1. **TCP: Протокол с двумя стороной**:
   - **Типы данных**: TCP использует двоичный тип данных для передачи информации.
   - **Расписание**: Каждая часть сообщения (пакет) включает все данные, что делается в случае с UDP. Можете обозначить это как ""синхронизация"".
   - **Реализация**: TCP использует протокол XDR (XDR stands for x86 Direct Routines), что делает его более эффективным для обмена данными, так как не требует прописывания протоколов в коде. Однако, это приводит к увеличению размера сообщений.
   - **Применение**: TCP применяется при создании надежных связей, в частности на сетях надёжной связи и передачах большого объема данных.

2. **UDP: Протокол без двойного пути**:
   - **Типы данных**: UDP использует простой протокол для передачи сообщений.
   - **Расписание**: Каждая часть сообщения (пакет) включает только содержимое, что делается в случае с TCP. Можете обозначить это как ""несинхронизация"".
   - **Реализация**: UDP не использует протокол XDR. Вместо этого, он использует протокол XDR (XDR stands for x86 Direct Routines) для обмена данными между устройствами.
   - **Применение**: UDP используется при передаче малого объема данных или когда необходимо обеспечить скорость передачи информации без прописывания протоколов в коде.

**Важное различие:**
- **Синхронизация (TCP)**: Могла бы быть прописана в коде.
- **Несинхронизация (UDP)**: Не требует прописывания протоколов в коде.
- **Доступность**: TCP может использовать несколько устройств для передачи данных, а UDP просто использует обычное соединение.
- **Ресурсов**: TCP имеет больший размер сообщений и больше упрощает задачу обработки данных.
- **Интерфейс**: TCP определённый протокол, который применяется на сетях надёжной связи. UDP - простой протокол без двойного пути.
- **Диагностика:** UDP требует специального программного обеспечения для уточнения диагностики и выявления ошибок. TCP - библиотека, поддерживающая протокол XDR.

В конечном итоге, выбор между TCP и UDP зависит от конкретных требований и ограничений вашего проекта. Если вам важно обработку данных с определённой скоростью и надежностью, то TCP — это идеальный выбор. Если у вас есть ограничения или вам нужно обновить протокол в связи с возможными требованиями к безопасности, то UDP может быть подходящим для вашего случая."
